Model	releaseDate	MaxResolution	MinResolution	effectivePixels	zoomWide	ZoomTele	normalFocus	macroFocus	storageIncluded	weight	dimensions	Price
Kodak DCS420	1994	1524	0	1	0	0	0	0	0	1700	170	129
Kodak DCS460	1995	3060	0	6	0	0	0	0	0	1700	170	129
Canon PowerShot 600	1996	832	640	0	50	50	40	10	1	460	160	139
Casio QV-300	1996	640	320	0	47	106	60	9	4	290	162	249
Olympus D-200L	1996	640	320	0	36	36	75	20	2	320	145	129
Olympus D-300L	1996	1024	512	0	36	36	50	20	6	320	145	1699
Agfa ePhoto 1280	1997	1024	640	0	38	114	70	40	4	420	95	179
Canon PowerShot 350	1997	640	0	0	42	42	70	3	2	320	93	149
Casio QV-700	1997	640	0	0	38	38	70	14	4	290	147	249
Epson PhotoPC 500	1997	640	320	0	43	43	60	20	2	320	142	229
Epson PhotoPC 550	1997	640	320	0	43	43	60	10	1	170	107	229
Epson PhotoPC 600	1997	1024	640	0	36	36	50	20	4	270	143	229
Fujifilm DS-300	1997	1280	640	1	35	105	20	20	0	700	153	169
Nikon Coolpix 100	1997	512	320	0	52	52	23	14	1	200	60	229
Nikon Coolpix 300	1997	640	0	0	45	45	23	14	4	250	78	229
Olympus D-500L	1997	1024	640	0	50	150	60	30	2	490	115	449
Olympus D-600L	1997	1280	640	1	36	110	60	30	4	0	115	1699
Agfa ePhoto 1680	1998	1280	640	1	38	114	50	0	4	420	158	179
Canon PowerShot A5	1998	1024	512	0	35	35	50	9	8	240	105	149
Canon PowerShot Pro70	1998	1536	768	1	28	70	32	12	8	800	148	199
Casio QV-5000SX	1998	1280	640	1	35	35	30	10	8	320	147	249
Casio QV-7000SX	1998	1280	640	1	32	64	23	10	8	320	141	249
Casio QV-770	1998	640	0	0	38	38	70	14	4	300	129	249
Epson PhotoPC 700	1998	1280	640	1	35	35	50	10	4	0	0	229
Epson PhotoPC 750 Zoom	1998	1280	640	1	34	102	80	20	8	0	0	229
Fujifilm MX-500	1998	1280	640	1	35	35	50	9	2	220	123	169
Fujifilm MX-700	1998	1280	640	1	35	35	50	9	2	260	80	169
HP Photosmart C20	1998	1152	576	1	39	39	60	20	4	300	127	179
HP Photosmart C30	1998	1152	576	1	35	35	60	20	4	300	126	179
Kodak DC200	1998	1152	640	0	39	39	70	0	4	400	131	129
Kodak DC210 plus	1998	1152	640	0	29	58	50	20	8	400	131	129
Kodak DC220	1998	1152	640	0	29	58	50	20	8	550	118	129
Kodak DC260	1998	1536	768	1	38	115	30	0	8	550	118	129
Kodak DCS315	1998	1520	0	1	0	0	0	0	0	1800	137	126
Kodak DCS520	1998	1728	0	2	0	0	0	0	0	1650	161	129
Kodak DCS560	1998	3040	0	6	0	0	0	0	0	1650	161	129
Leica Digilux	1998	1280	640	1	35	35	50	9	2	260	80	149
Nikon Coolpix 600	1998	1024	512	0	36	36	50	14	8	220	110	229
Nikon Coolpix 900	1998	1280	640	1	38	115	50	20	4	420	157	229
Nikon Coolpix 900S	1998	1280	640	1	38	115	50	20	8	420	157	229
Olympus D-340L	1998	1280	640	1	36	36	70	10	4	320	128	1699
Olympus D-400 Zoom	1998	1280	640	1	35	105	80	20	8	320	127	129
Olympus D-620L	1998	1280	640	1	36	110	60	30	8	520	115	1699
Ricoh RDC-4300	1998	1280	640	1	35	105	40	8	4	320	135	149
Sony Mavica FD-91	1998	1024	640	0	37	518	80	3	1	950	140	1399
Sony DSC-D700	1998	1344	640	1	28	140	20	0	8	900	130	149
Sony Mavica FD-71	1998	640	320	0	40	400	1	1	1	500	138	1399
Sony Mavica FD-81	1998	1024	640	0	37	111	1	1	1	580	140	1399
Toshiba PDR-M1	1998	1280	640	1	35	35	50	9	4	290	123	62
Agfa ePhoto CL30	1999	1152	640	0	35	35	0	0	4	0	0	269
Agfa ePhoto CL30 Clik!	1999	1152	640	0	43	43	50	0	40	300	128	1299
Agfa ePhoto CL50	1999	1280	640	1	34	102	0	0	8	0	0	179
Canon PowerShot A50	1999	1280	640	1	28	70	50	17	8	290	103	149
Canon PowerShot A5 Zoom	1999	1024	512	0	28	70	50	17	8	290	103	149
Canon PowerShot S10	1999	1600	1280	1	35	70	46	12	8	320	106	399
Casio QV-2000UX	1999	1600	800	1	36	108	50	20	8	320	130	249
Casio QV-5500SX	1999	1280	640	1	36	36	30	10	8	320	131	249
Casio QV-8000SX	1999	1280	640	1	40	320	40	1	8	320	141	249
Epson PhotoPC 800	1999	1600	640	1	38	38	50	15	8	280	113	229
Epson PhotoPC 850 Zoom	1999	1600	640	1	35	105	0	0	0	0	0	229
Epson PhotoPC 650	1999	1152	640	0	39	39	60	15	8	400	135	229
Fujifilm DS-260HD	1999	1280	640	1	35	105	90	25	4	700	100	169
Fujifilm MX-1200	1999	1280	640	1	38	38	70	10	4	240	110	169
Fujifilm MX-1500	1999	1280	640	1	38	38	50	10	4	250	104	169
Fujifilm MX-1700	1999	1280	640	1	38	114	80	20	8	270	79	169
Fujifilm MX-2700	1999	1800	1280	2	35	35	50	9	4	260	80	169
Fujifilm MX-2900 Zoom	1999	1800	1280	2	35	105	90	25	8	385	130	179
Fujifilm MX-600 Zoom	1999	1280	640	1	38	115	90	25	4	0	122	179
HP Photosmart C200	1999	1152	640	1	35	35	60	20	8	300	126	179
HP Photosmart C500	1999	1600	640	1	38	115	0	0	16	410	153	179
Kodak DC200 plus	1999	1152	640	0	39	39	70	0	4	400	131	129
Kodak DC215	1999	1152	640	0	29	58	50	20	4	320	115	129
Kodak DC240	1999	1280	640	1	39	117	50	25	8	420	133	129
Kodak DC265	1999	1536	768	1	38	115	30	0	16	550	118	129
Kodak DC280	1999	1760	896	2	30	60	50	25	20	420	133	129
Kodak DC290	1999	1792	1440	2	38	115	30	0	20	550	118	129
Kodak DCS330	1999	2008	0	3	0	0	0	0	0	1080	137	126
Kodak DCS620	1999	1728	0	2	0	0	0	0	0	1580	194	129
Kodak DCS660	1999	3040	0	6	0	0	0	0	0	1580	194	129
Nikon Coolpix 700	1999	1600	640	1	35	35	30	9	8	340	114	229
Nikon Coolpix 800	1999	1600	640	1	38	76	30	7	8	360	119	229
Nikon Coolpix 950	1999	1600	1024	1	38	115	30	2	8	480	143	229
Nikon D1	1999	2000	0	2	0	0	0	0	0	1200	157	1599
Olympus C-2000 Zoom	1999	1600	1024	1	35	105	80	20	8	380	108	129
Olympus C-2020 Zoom	1999	1600	1024	1	35	105	80	20	8	380	108	129
Olympus C-21	1999	1600	1024	1	38	38	60	15	8	190	107	1699
Olympus C-2500 L	1999	1712	1280	2	36	110	80	2	32	530	109	129
Olympus D-340R	1999	1280	640	1	36	36	70	10	8	320	128	1699
Olympus D-450 Zoom	1999	1280	640	1	35	105	80	20	8	320	127	129
Ricoh RDC-5000	1999	1792	896	2	38	86	40	4	8	340	131	149
Ricoh RDC-5300	1999	1792	896	2	38	114	40	4	8	380	131	177
Sanyo VPC-X350	1999	1024	640	0	38	38	60	10	4	260	105	149
Sanyo VPC-Z400	1999	1280	640	1	34	102	80	20	4	350	128	149
Sony DSC-D770	1999	1344	640	1	28	140	20	0	8	900	130	149
Sony DSC-F505	1999	1600	1024	1	38	190	80	8	4	475	107	149
Sony DSC-F55	1999	1600	640	1	37	37	50	10	4	300	103	429
Sony Mavica FD-73	1999	640	320	0	40	400	1	1	1	500	138	1399
Sony Mavica FD-83	1999	1024	640	0	37	111	1	1	1	580	142	1399
Sony Mavica FD-88	1999	1280	1024	1	34	270	4	4	1	600	142	1399
Toshiba PDR-M3	1999	1280	640	1	38	115	90	25	4	380	122	62
Toshiba PDR-M4	1999	1600	800	1	40	40	50	10	8	290	112	62
Toshiba PDR-M5	1999	1600	800	1	40	120	90	25	8	350	130	62
Agfa ePhoto CL18	2000	640	0	0	45	45	0	0	2	0	0	179
Canon EOS D30	2000	2160	1440	3	0	0	0	0	16	855	150	549
Canon PowerShot G1	2000	2048	1024	3	34	102	70	6	16	490	120	499
Canon PowerShot S100	2000	1600	640	1	35	70	57	10	8	250	87	199
Canon PowerShot S20	2000	2048	1024	3	32	64	66	12	16	320	106	399
Casio QV-2300UX	2000	1600	800	1	41	123	10	1	8	245	67	249
Casio QV-2800UX	2000	1600	800	1	40	320	40	1	8	295	81	249
Casio QV-3EX	2000	2048	1024	3	41	41	50	10	16	245	115	249
Casio QV-3000EX	2000	2048	1024	3	33	100	30	6	16	360	134	249
Contax N Digital	2000	3040	0	6	0	0	0	0	0	0	152	549
Epson PhotoPC 3000 Zoom	2000	2048	640	3	34	102	50	5	16	360	107	399
Fujifilm FinePix 40i	2000	2400	1280	2	36	36	50	6	64	200	85.5	169
Fujifilm FinePix 1300	2000	1280	640	1	38	38	80	8	8	240	110	169
Fujifilm FinePix 2400 Zoom	2000	1600	1280	1	38	114	80	10	8	290	125	169
Fujifilm FinePix 4900 Zoom	2000	2400	1600	2	35	210	50	10	16	450	110	169
Fujifilm MX-1400	2000	1280	640	1	38	114	80	10	4	390	74	169
Fujifilm FinePix 4700 Zoom	2000	2400	1280	2	36	108	80	20	16	280	78	169
Fujifilm FinePix S1 Pro	2000	3040	2340	3	0	0	0	0	16	820	148	1699
HP Photosmart C215	2000	1280	640	1	43	43	60	10	4	290	124	179
HP Photosmart C315	2000	1600	640	1	38	38	30	30	8	280	128	179
HP Photosmart C618	2000	1600	800	1	34	108	50	10	16	630	144	179
HP Photosmart C912	2000	1600	800	1	34	108	50	10	16	150	99	179
Kodak DC3200	2000	1152	576	0	39	39	60	0	2	240	113	129
Kodak DC3400	2000	1760	896	2	38	76	50	25	20	420	133	129
Kodak DC3800	2000	1760	896	2	33	33	50	20	0	200	95	129
Kodak DC4800	2000	2160	1800	3	28	84	50	20	16	320	120	129
Kodak DC5000	2000	1760	896	2	30	60	50	20	16	459	140	126
Kodak DCS620x	2000	1728	0	2	0	0	0	0	0	1580	194	129
Kyocera Finecam 3300	2000	2048	1024	3	38	76	60	10	8	240	38	169
Leica Digilux 4.3	2000	2400	1280	2	36	108	80	20	16	280	78	149
Leica Digilux Zoom	2000	1280	640	1	38	114	80	20	8	270	79	249
Nikon Coolpix 880	2000	2048	1024	3	38	95	40	4	8	320	99.5	229
Nikon Coolpix 990	2000	2048	1024	3	38	115	30	2	16	450	143	229
Olympus C-2040 Zoom	2000	1600	1024	1	40	120	80	20	8	380	108	129
Olympus C-2100 UZ	2000	1600	1280	1	38	380	60	10	8	540	113	129
Olympus C-3000 Zoom	2000	2048	1600	3	32	96	80	20	8	380	109	1699
Olympus C-3030 Zoom	2000	2048	1600	3	32	96	80	20	16	380	109	1699
Olympus C-3040 Zoom	2000	2048	1600	3	35	105	80	20	16	420	109	1699
Olympus D-360L	2000	1280	640	1	36	36	50	10	8	280	128	1699
Olympus D-460 Zoom	2000	1280	640	1	35	105	80	20	8	320	127	449
Olympus D-490 Zoom	2000	1600	640	1	35	105	80	20	8	320	127	129
Olympus E-10	2000	2240	1600	3	35	140	60	20	0	1190	129	1699
Olympus E-100 RS	2000	1368	1280	1	38	380	60	10	16	603	108	129
Pentax EI-200	2000	1600	800	1	34	108	50	10	16	390	128	509
Pentax EI-2000	2000	1600	800	1	34	108	50	10	16	630	144	509
Ricoh RDC-200G	2000	1792	1280	2	38	114	4	4	8	500	144	399
Ricoh RDC-6000	2000	1600	800	1	40	40	30	13	8	300	110	149
Ricoh RDC-7	2000	2048	1024	3	35	105	24	1	8	320	135	1699
Ricoh RDC-i700	2000	2048	1024	3	35	105	24	1	8	450	157	149
Sony Mavica CD1000	2000	1600	1600	1	37	370	80	3	8	980	125	1399
Sony DSC-F505V	2000	1856	1600	2	38	190	50	2	8	482	107	149
Sony DSC-F55V	2000	1856	1600	2	37	37	25	10	8	280	103	429
Sony DSC-P1	2000	2048	1600	3	39	117	50	10	8	250	114	429
Sony DSC-S30	2000	1280	640	1	39	117	25	3	4	370	113	149
Sony DSC-S50	2000	1600	1280	1	39	117	25	3	4	370	113	149
Sony DSC-S70	2000	2048	1600	3	34	102	25	4	8	420	117	149
Sony Mavica FD-85	2000	1280	1280	1	37	111	1	1	1	0	0	1399
Sony Mavica FD-90	2000	1280	1280	1	34	270	4	4	1	0	0	1399
Sony Mavica FD-95	2000	1600	1600	1	37	370	80	3	1	900	0	1399
Toshiba PDR-M60	2000	1792	896	2	38	86	50	5	4	320	121	449
Toshiba PDR-M70	2000	2048	1024	3	35	105	80	9	16	390	116	62
Agfa ePhoto CL45	2001	1600	640	1	51	51	50	20	8	270	119	179
Canon PowerShot A10	2001	1280	1024	1	35	105	76	16	8	375	110	139
Canon PowerShot A20	2001	1600	1024	1	35	105	76	16	8	375	110	139
Canon EOS-1D	2001	2464	1232	4	0	0	0	0	0	1585	156	4499
Canon PowerShot G2	2001	2272	1600	3	34	102	70	6	32	510	121	499
Canon PowerShot Pro90 IS	2001	1856	1024	2	37	370	10	10	16	680	127	384
Canon PowerShot S110	2001	1600	1024	1	35	70	57	10	8	250	87	199
Canon PowerShot S30	2001	2048	1600	3	35	105	80	10	16	323	112	399
Canon PowerShot S300	2001	1600	1024	1	35	105	76	16	8	270	95	199
Canon PowerShot S40	2001	2272	1600	3	35	105	80	10	16	323	112	139
Casio GV-10	2001	1280	640	1	35	35	60	10	8	320	101	249
Casio QV-2100	2001	1600	800	1	41	41	80	20	16	260	108	249
Casio QV-2400UX	2001	1600	800	1	41	123	10	1	8	245	67	249
Casio QV-2900UX	2001	1600	800	1	40	320	40	1	8	295	81	249
Casio QV-3500EX	2001	2048	1024	3	33	100	30	6	16	360	134	249
Casio QV-4000	2001	2240	1600	3	34	102	30	6	16	420	118	249
Epson PhotoPC 3100 Zoom	2001	2048	1600	3	34	102	50	5	16	360	107	399
Fujifilm FinePix 50i	2001	2400	1600	2	36	36	50	6	64	200	85.5	169
Fujifilm FinePix 2300	2001	1600	1280	1	36	36	80	8	8	240	110	169
Fujifilm FinePix 2600 Zoom	2001	1600	1280	1	38	114	80	10	16	260	99	169
Fujifilm FinePix 2800 Zoom	2001	1600	1280	1	38	228	80	10	16	360	95	169
Fujifilm Finepix 30i	2001	1600	1280	1	38	38	60	8	16	200	85	199
Fujifilm FinePix 4800 Zoom	2001	2400	1600	2	36	108	60	20	16	280	80	169
Fujifilm FinePix 6800 Zoom	2001	2832	2048	3	36	108	60	20	16	280	80	169
Fujifilm FinePix 6900 Zoom	2001	2832	2048	3	35	210	50	10	16	450	110	169
Fujifilm FinePix A101	2001	1280	640	1	36	36	80	8	8	190	99	169
Fujifilm FinePix A201	2001	1600	1280	1	36	36	80	8	16	190	99	169
HP Photosmart 715	2001	2048	640	3	34	102	60	20	16	320	127	179
JVC GC-QX3HD	2001	2032	1024	3	37	86	50	2	8	320	111	14
JVC GC-QX5HD	2001	2032	1024	3	37	86	50	2	16	320	111	14
Kodak DCS720x	2001	1728	0	2	0	0	0	0	0	1580	194	129
Kodak DCS760	2001	3032	0	6	0	0	0	0	0	1860	194	129
Kodak DX3215	2001	1280	0	1	30	60	75	22	8	260	121	129
Kodak DX3500	2001	1800	900	2	38	38	75	22	8	225	120	129
Kodak DX3600	2001	1800	900	2	35	70	50	28	8	250	120	129
Kodak DX3700	2001	2160	0	3	37	37	50	15	8	250	150	129
Kodak DX3900	2001	2160	1800	3	35	70	50	7	8	260	116	129
Kodak mc3	2001	640	0	0	37	37	70	0	16	198	105	129
Kyocera Finecam S3	2001	2048	1024	3	38	76	30	6	16	160	30	1699
Nikon Coolpix 5000	2001	2560	1600	4	28	85	50	2	32	414	102	229
Nikon Coolpix 775	2001	1600	1024	1	38	115	30	4	8	230	87	159
Nikon Coolpix 885	2001	2048	1024	3	38	114	40	4	16	286	95	159
Nikon Coolpix 995	2001	2048	1600	3	38	152	30	2	16	420	138	159
Nikon D1H	2001	2000	0	2	0	0	0	0	0	1200	157	1599
Nikon D1X	2001	3008	2000	5	0	0	0	0	0	1200	157	4699
Olympus C-1	2001	1280	640	1	35	35	50	10	8	190	110	1699
Olympus D-370	2001	1280	1024	1	35	35	60	25	1	190	123	1699
Olympus D-150Z	2001	1280	640	1	38	114	50	20	8	190	110	1699
Olympus C-2	2001	1600	1024	1	36	36	50	10	16	220	110	1699
Olympus D-510 Zoom	2001	1600	1024	1	35	105	80	20	8	250	118	129
Olympus C-3020 Zoom	2001	2048	1600	3	32	96	80	20	8	380	109	1699
Olympus C-4040 Zoom	2001	2272	2048	3	35	105	80	20	16	420	110	129
Olympus D-40 Zoom	2001	2272	2048	3	35	98	80	10	16	270	87	1699
Olympus C-700 UZ	2001	1600	1280	1	38	380	60	10	8	340	108	449
Olympus E-20	2001	2560	1792	4	35	140	60	20	16	1190	129	1699
Panasonic Lumix DMC-F7	2001	1600	800	1	35	70	50	10	8	200	104	1499
Panasonic Lumix DMC-LC5	2001	2240	1600	3	33	100	30	6	32	435	128	1499
Pentax EI-100	2001	1280	640	1	42	42	60	30	8	240	105	509
Pentax Optio 330	2001	2048	1024	3	37	111	40	14	16	240	92	269
Pentax Optio 430	2001	2240	1120	3	37	111	40	14	16	240	92	269
Ricoh RDC-i500	2001	2048	1024	3	35	105	24	1	8	320	142	4999
Ricoh Caplio RR1	2001	2272	1120	3	35	105	24	1	8	340	135	99
Sanyo DSC-AZ1	2001	2288	1600	3	35	98	50	10	16	340	106	429
Sanyo DSC-MZ1	2001	1600	640	1	35	98	50	10	8	340	106	429
Sony Mavica CD200	2001	1600	1024	1	39	117	50	3	8	620	144	1399
Sony Mavica CD300	2001	2048	1600	3	34	102	50	4	8	620	144	1399
Sony DSC-F707	2001	2560	2048	4	38	190	50	2	16	667	162	149
Sony DSC-P20	2001	1216	1024	1	42	42	60	3	4	230	123	399
Sony DSC-P3	2001	1920	1600	2	36	36	25	10	8	194	113	429
Sony DSC-P30	2001	1280	1024	1	41	123	50	3	4	250	143	149
Sony DSC-P5	2001	2048	1600	3	39	117	50	10	8	214	113	429
Sony DSC-P50	2001	1600	1024	1	41	123	50	3	4	250	143	149
Sony DSC-S75	2001	2048	1600	3	34	102	50	4	8	444	125	149
Sony DSC-S85	2001	2272	1600	3	34	102	50	4	16	444	125	149
Sony Mavica FD-75	2001	640	320	0	40	400	1	1	1	580	138	1399
Sony Mavica FD-87	2001	1280	1024	1	39	117	25	3	1	630	143	1399
Sony Mavica FD-92	2001	1472	1280	1	41	328	25	3	1	660	126	1399
Sony Mavica FD-97	2001	1600	1024	1	39	390	25	2	1	990	126	1399
Toshiba PDR-M11	2001	1280	640	1	52	52	90	0	8	240	116	62
Toshiba PDR-M21	2001	1600	800	1	39	39	50	0	8	240	116	177
Toshiba PDR-M25	2001	1729	896	2	38	114	40	8	8	320	105	177
Toshiba PDR-M61	2001	1792	896	2	38	114	50	5	8	310	123	62
Toshiba PDR-M65	2001	2048	1024	3	38	114	10	10	8	320	120	62
Toshiba PDR-M71	2001	2048	1024	3	35	98	80	10	8	340	107	62
Toshiba PDR-M81	2001	2400	1200	3	35	98	80	10	16	340	107	62
Canon PowerShot A100	2002	1280	1024	1	39	39	20	5	8	225	110	139
Canon PowerShot A200	2002	1600	1024	1	39	39	20	5	8	225	110	139
Canon PowerShot A30	2002	1280	1024	1	35	105	76	16	8	350	110	139
Canon PowerShot A40	2002	1600	1024	1	35	105	76	16	8	350	110	139
Canon EOS-1Ds	2002	4064	2032	11	0	0	0	0	0	1585	156	7999
Canon EOS D60	2002	3072	2048	6	0	0	0	0	16	855	150	549
Canon PowerShot G3	2002	2272	1600	3	35	140	50	5	32	490	121	499
Canon PowerShot S200	2002	1600	1024	1	35	70	57	10	8	250	87	199
Canon PowerShot S230	2002	2048	1600	3	35	70	47	10	16	250	87	199
Canon PowerShot S330	2002	1600	1024	1	35	105	76	16	8	274	95	199
Canon PowerShot S45	2002	2272	1600	3	35	105	50	10	32	323	112	139
Casio GV-20	2002	1600	800	1	35	35	60	10	8	320	101	249
Casio QV-5700	2002	2560	1600	4	34	102	30	6	16	420	118	249
Casio QV-R3	2002	2048	1600	3	38	113	40	14	11	240	90	249
Casio QV-R4	2002	2304	2240	4	38	113	40	14	11	240	90	249
Contax TVS Digital	2002	2560	1600	4	35	105	60	15	0	260	112	549
Fujifilm FinePix 2650	2002	1600	1280	1	38	114	80	8	16	235	100	169
Fujifilm FinePix 3800	2002	2048	1600	3	38	228	80	10	16	400	100	399
Fujifilm FinePix A200	2002	1600	1280	1	36	36	80	8	16	180	99	169
Fujifilm FinePix A203	2002	1600	1280	1	38	114	60	10	16	180	97	169
Fujifilm FinePix A303	2002	2048	1600	3	38	114	60	10	16	180	97	169
Fujifilm FinePix F401 Zoom	2002	2304	1600	2	38	114	60	10	16	200	85	169
Fujifilm FinePix F402	2002	2304	1600	2	39	39	50	6	16	145	77	199
Fujifilm FinePix F601Z	2002	2832	2048	3	36	108	60	20	16	280	72	169
Fujifilm FinePix M603	2002	2832	2048	3	38	76	60	20	16	280	65	169
Fujifilm FinePix S602Z	2002	2832	2048	3	35	210	50	1	16	590	121	399
Fujifilm FinePix S602Z Pro	2002	2832	2048	3	35	210	50	1	340	590	121	1699
Fujifilm FinePix S2 Pro	2002	4256	3024	6	0	0	0	0	0	850	142	1699
HP Photosmart 320	2002	1632	640	2	38	38	75	0	8	240	113	179
HP Photosmart 620	2002	1632	640	2	36	102	20	20	8	280	120	179
HP Photosmart 720	2002	2048	640	3	34	102	20	20	16	340	118	179
HP Photosmart 812	2002	2272	1136	3	37	111	50	14	0	245	95	179
HP Photosmart 850	2002	2272	1136	3	37	300	50	10	0	489	114	179
Kodak CX4200	2002	1632	0	2	37	37	75	20	16	250	109	129
Kodak CX4230	2002	1632	0	2	36	108	50	10	16	280	115	129
Kodak CX4300	2002	2080	0	3	38	76	30	15	16	250	109	126
Kodak DCS 14n	2002	4536	3024	13	0	0	0	0	0	1000	131	129
Kodak DX4330	2002	2160	1800	3	38	114	60	7	16	260	111	126
Kodak DX4900	2002	2448	2160	4	35	70	50	7	16	260	116	129
Kodak LS420	2002	1752	876	2	38	38	80	0	8	160	109	129
Kodak LS443	2002	2448	2160	4	35	105	70	13	16	260	109	129
Kyocera Finecam S3L	2002	2048	1600	3	35	105	55	12	16	205	92	1699
Kyocera Finecam S3x	2002	2048	1024	3	35	105	55	12	16	175	32	1699
Kyocera Finecam S4	2002	2272	1280	3	35	105	55	12	16	175	32	1699
Kyocera Finecam S5	2002	2560	1600	5	35	105	55	12	16	205	92	1699
Leica Digilux 1	2002	2240	1600	3	33	100	30	6	32	455	127	249
Nikon Coolpix 2000	2002	1632	1024	1	38	114	0	0	8	295	108	229
Nikon Coolpix 2500	2002	1600	1280	1	37	111	30	4	8	250	114	229
Nikon Coolpix 3500	2002	2048	1600	3	37	111	30	4	8	250	114	229
Nikon Coolpix 4300	2002	2272	2048	3	38	114	30	4	16	286	95	229
Nikon Coolpix 4500	2002	2272	1280	3	38	155	30	2	16	374	130	229
Nikon Coolpix 5700	2002	2560	1600	4	35	280	50	3	32	512	108	229
Nikon D100	2002	3008	2240	6	0	0	0	0	0	780	144	1599
Olympus D-380	2002	1600	1024	1	35	35	60	25	8	250	123	1699
Olympus C-300 Zoom	2002	1984	1600	3	36	100	80	20	16	300	118	1699
Olympus C-4000 Zoom	2002	2288	2048	3	32	96	80	2	16	400	110	129
Olympus C-5050 Zoom	2002	2560	2288	4	35	105	80	20	32	480	114	449
Olympus C-50 Zoom	2002	2560	2048	4	38	114	50	20	32	230	100	449
Olympus C-720 UZ	2002	1984	1600	3	40	320	60	10	16	340	108	449
Olympus C-730 UZ	2002	2048	1600	3	38	380	60	10	16	400	108	449
Olympus D-520 Zoom	2002	1600	1024	1	35	105	50	20	8	220	112	449
Panasonic Lumix DMC-FZ1	2002	1600	1280	2	35	420	30	3	8	354	125	149
Panasonic Lumix DMC-LC20	2002	1600	1024	1	35	105	50	15	8	290	99	1499
Panasonic Lumix DMC-LC40	2002	2240	1600	3	33	100	30	6	16	420	104	1499
Pentax Optio 230	2002	1600	1024	1	38	114	50	10	16	230	104	269
Pentax Optio 330GS	2002	2048	1600	3	38	114	4	5	16	230	104	269
Pentax Optio 330RS	2002	2048	1024	3	37	111	40	14	16	240	92	269
Pentax Optio 430RS	2002	2240	1120	3	37	111	40	14	16	240	92	269
Samsung Digimax 130	2002	1280	640	1	43	43	80	40	8	250	106	299
Samsung Digimax 230	2002	1600	1024	1	33	100	80	20	0	0	0	229
Samsung Digimax 350SE	2002	2048	1024	3	34	102	80	20	0	320	114	229
Samsung Digimax 410	2002	2272	1600	3	34	102	80	20	0	340	116	229
Sigma SD9	2002	2268	1134	3	0	0	0	0	0	950	152	19
Sony Mavica CD250	2002	1600	1280	1	41	123	50	3	6	610	138	1399
Sony Mavica CD400	2002	2272	1600	3	34	102	50	4	6	640	138	1399
Sony DSC-F717	2002	2560	2048	4	38	190	50	2	32	659	162	149
Sony DSC-P2	2002	1600	1280	1	39	117	50	10	16	214	114	399
Sony DSC-P31	2002	1600	1280	1	33	33	10	10	8	231	106	429
Sony DSC-P51	2002	1600	1280	1	41	82	8	8	16	275	127	429
Sony DSC-P7	2002	2048	1600	3	39	117	50	10	16	214	114	149
Sony DSC-P71	2002	2048	1600	3	39	117	50	10	16	284	125	149
Sony DSC-P9	2002	2272	1600	3	39	117	50	10	16	206	113	429
Sony DSC-U10	2002	1280	640	1	33	33	10	10	8	118	85	149
Sony DSC-U20	2002	1632	640	2	33	33	10	10	8	118	85	399
Sony Mavica FD-100	2002	1280	1024	1	37	111	0	0	1	0	0	1399
Sony Mavica FD-200	2002	1600	1024	1	37	111	19	3	1	520	142	1399
Toshiba PDR-3310	2002	2048	1024	3	35	105	55	12	8	205	91	177
Toshiba PDR-3330	2002	2048	1024	3	35	100	80	10	8	320	116	177
Toshiba PDR-T10	2002	1600	800	1	38	38	40	20	8	180	86	129
Canon PowerShot A300	2003	2048	1600	3	33	33	20	5	32	225	111	139
Canon PowerShot A60	2003	1600	1024	1	35	105	46	5	16	315	101	139
Canon PowerShot A70	2003	2048	1600	3	35	105	46	5	16	315	101	139
Canon PowerShot A80	2003	2272	1600	3	38	114	46	5	32	350	103	139
Canon EOS 10D	2003	3072	2048	6	0	0	0	0	0	875	150	1299
Canon EOS 300D / Digital Rebel	2003	3072	2048	6	0	0	0	0	0	645	142	1299
Canon PowerShot G5	2003	2592	1600	5	35	140	50	5	32	490	121	149
Canon PowerShot S400	2003	2272	1600	3	36	108	46	5	32	230	87	139
Canon PowerShot S50	2003	2592	1600	5	35	105	50	10	32	323	112	399
Canon PowerShot SD10	2003	2272	1600	3	38	38	0	3	32	140	90	199
Canon PowerShot SD100	2003	2048	1600	3	35	70	47	10	16	185	85	199
Casio Exilim EX-S20	2003	1600	1280	1	35	35	80	30	10	100	83	249
Casio Exilim EX-S3	2003	2048	1600	3	35	35	80	80	10	110	90	249
Casio Exilim EX-Z3	2003	2048	1600	3	35	105	40	6	16	170	87	329
Casio Exilim EX-Z4	2003	2304	1600	4	35	105	40	6	16	170	87	329
Casio QV-R40	2003	2304	2240	4	39	117	60	10	11	210	88	249
Epson PhotoPC L-300	2003	2048	1600	3	34	102	50	11	16	285	105	399
Epson PhotoPC L-400	2003	2304	1600	4	34	102	50	11	16	285	105	129
Fujifilm FinePix A205 Zoom	2003	1600	1280	1	36	108	80	10	16	225	99	169
Fujifilm FinePix A210 Zoom	2003	2048	1600	3	36	108	80	10	16	225	99	169
Fujifilm FinePix A310 Zoom	2003	2816	2048	3	38	114	60	10	16	190	97	169
Fujifilm FinePix F410 Zoom	2003	2816	2048	3	38	114	60	10	16	205	85	169
Fujifilm FinePix F420 Zoom	2003	2816	2048	3	36	108	60	8	16	180	77	169
Fujifilm FinePix F610	2003	4048	2848	6	35	105	60	9	16	205	72	169
Fujifilm FinePix F700	2003	2832	2048	3	35	105	60	9	16	205	108	169
Fujifilm FinePix S3000 Z	2003	2048	1600	3	38	228	80	10	16	400	100	229
Fujifilm FinePix S5000 Z	2003	2816	2048	3	37	370	90	10	16	430	113	229
Fujifilm FinePix S7000 Z	2003	4048	2848	6	35	210	50	1	16	590	121	229
HP Photosmart 435	2003	2048	640	3	36	36	85	85	16	190	117	179
HP Photosmart 635	2003	1636	640	2	38	114	80	10	16	240	240	179
HP Photosmart 735	2003	2080	0	3	38	114	0	0	16	290	105	179
HP Photosmart 935	2003	2608	1296	5	37	111	50	14	32	260	97	179
HP Photosmart 945	2003	2608	1296	5	37	300	50	10	32	500	123	179
Kodak CX6200	2003	1632	0	2	37	37	50	50	8	195	104	129
Kodak CX6230	2003	1632	0	2	36	108	50	50	16	225	104	129
Kodak CX6330	2003	2032	0	3	37	111	60	60	16	225	103	126
Kodak DX4530	2003	2580	0	5	38	114	60	7	32	210	111	126
Kodak DX6340	2003	2032	0	3	36	144	50	10	16	280	109	126
Kodak DX6440	2003	2304	0	4	33	132	50	10	16	270	109	129
Kodak DX6490	2003	2304	0	4	38	380	60	12	16	380	100	129
Kodak LS633	2003	2041	0	3	37	111	60	13	16	260	114	126
Kyocera Finecam L30	2003	2048	1024	3	38	115	60	20	16	220	111	169
Kyocera Finecam L3V	2003	2048	1600	3	38	115	60	20	16	220	112	169
Kyocera Finecam L4V	2003	2304	1600	4	35	105	60	20	16	220	112	199
Kyocera Finecam S3R	2003	2048	1600	3	35	105	60	17	16	205	92	1699
Kyocera Finecam S5R	2003	2560	1600	5	35	105	60	17	16	205	92	1699
Kyocera Finecam SL300R	2003	2048	1600	3	35	115	60	20	16	175	100	229
Leica Digilux 2	2003	2560	2048	4	28	90	30	30	64	705	135	249
Nikon Coolpix 2100	2003	1600	1024	1	36	108	30	4	8	215	88	99
Nikon Coolpix 3100	2003	2048	1600	3	38	115	30	4	16	215	88	99
Nikon Coolpix 3700	2003	2048	1600	3	35	105	30	3	16	162	95.5	229
Nikon Coolpix 5400	2003	2592	1600	5	28	116	50	1	16	400	108	229
Nikon Coolpix SQ	2003	2016	1600	3	37	111	30	4	16	216	83	199
Nikon D2H	2003	2464	1840	4	0	0	0	0	0	1200	158	1599
Olympus C-5000 Zoom	2003	2560	2272	4	38	114	50	4	32	280	105	449
Olympus C-5060 Zoom	2003	2592	2288	5	27	110	80	3	32	480	116	449
Olympus C-740 UZ	2003	2048	1600	3	38	380	60	3	16	340	108	449
Olympus C-750 UZ	2003	2288	2048	3	38	380	60	3	16	340	108	449
Olympus D-390	2003	1600	1024	1	35	35	50	20	16	230	108	1699
Olympus D-560 Zoom	2003	2048	1024	3	35	105	50	20	16	220	108	449
Olympus E-1	2003	2560	1600	4	0	0	0	0	0	735	141	1699
Olympus Stylus 300 	2003	2048	1600	3	35	105	50	20	16	220	99	229
Olympus Stylus 400 	2003	2272	2048	3	35	105	50	20	16	220	99	229
Panasonic Lumix DMC-FX1	2003	2048	1600	3	35	105	50	10	16	185	0	1499
Panasonic Lumix DMC-FX5	2003	2304	1600	4	35	105	50	10	16	185	0	1499
Panasonic Lumix DMC-FZ10	2003	2304	1600	4	35	420	30	5	16	550	87	149
Panasonic Lumix DMC-FZ2	2003	1600	1280	2	35	420	30	5	0	350	114	149
Panasonic Lumix DMC-LC33	2003	2048	1600	3	35	105	50	10	32	215	96	1499
Panasonic Lumix DMC-LC43	2003	2304	1600	4	35	105	50	10	32	215	96	1499
Pentax *ist D	2003	3008	2400	6	0	0	0	0	0	650	129	799
Pentax Optio 33L	2003	2048	1600	3	38	114	40	10	16	225	105	269
Pentax Optio 33LF	2003	2048	1600	3	38	114	40	10	12	225	109	269
Pentax Optio 33WR	2003	2048	1600	3	37	104	30	1	16	208	82	269
Pentax Optio 450	2003	2288	1600	3	37	187	60	2	16	250	100	149
Pentax Optio 550	2003	2592	2048	5	37	187	60	2	16	250	100	149
Pentax Optio 555	2003	2592	2048	5	37	187	60	2	16	250	100	149
Pentax Optio S	2003	2048	1024	3	35	105	40	6	16	115	83	149
Pentax Optio S4	2003	2304	1600	4	35	105	40	6	11	115	83	149
Ricoh Caplio G3	2003	2048	1280	3	35	105	30	1	8	230	124	99
Samsung Digimax V4	2003	2272	1120	3	38	114	80	6	0	210	106	229
Samsung Digimax U-CA 3	2003	2048	2048	3	35	114	80	5	0	134	102	229
Sanyo DSC-J1	2003	2048	1600	3	37	104	20	2	8	205	98	429
Sanyo DSC-S1	2003	2048	1600	3	36	108	50	16	8	190	100	149
Sigma SD10	2003	2268	1134	3	0	0	0	0	0	950	152	1599
Sony Mavica CD350	2003	2048	1632	3	41	123	50	10	1	522	132	1399
Sony Mavica CD500	2003	2592	2048	5	34	102	50	4	1	606	139	1399
Sony DSC-F828	2003	3264	2592	8	28	200	50	2	0	906	134	429
Sony DSC-P10	2003	2592	2048	5	38	114	50	10	32	206	105	149
Sony DSC-P32	2003	2048	1632	3	33	33	10	10	16	217	101	429
Sony DSC-P52	2003	2048	1632	3	41	82	8	8	16	280	123	429
Sony DSC-P72	2003	2048	1632	3	39	117	50	10	16	259	120	149
Sony DSC-P8	2003	2048	1632	3	39	117	50	10	16	206	105	429
Sony DSC-P92	2003	2592	2048	5	38	114	50	10	16	259	120	429
Sony DSC-T1	2003	2592	2048	5	38	114	25	1	32	180	91	399
Sony DSC-U30	2003	1632	640	2	33	33	10	10	8	130	85	149
Sony DSC-U40	2003	1632	640	2	33	33	10	10	8	130	83	149
Sony DSC-U50	2003	1632	640	2	33	33	10	10	8	132	100	149
Sony DSC-U60	2003	1632	640	2	33	33	10	10	8	200	60	149
Sony DSC-V1	2003	2592	2048	5	34	136	40	10	32	298	99	429
Toshiba PDR-4300	2003	2400	1200	3	35	100	80	10	16	0	0	599
Toshiba PDR-5300	2003	2560	2048	4	35	105	80	10	16	230	93	177
Canon PowerShot A310	2004	2048	1600	3	33	33	0	5	0	205	110	139
Canon PowerShot A400	2004	2048	1600	3	45	100	0	5	16	255	107	139
Canon PowerShot A75	2004	2048	1600	3	35	105	46	5	32	315	101	139
Canon PowerShot A85	2004	2272	1600	4	35	105	0	5	32	300	101	139
Canon PowerShot A95	2004	2592	2048	5	38	114	45	5	32	335	101	139
Canon EOS-1D Mark II	2004	3504	3104	8	0	0	0	0	0	1565	156	4499
Canon EOS-1Ds Mark II	2004	4992	3600	16	0	0	0	0	0	1565	156	7999
Canon EOS 20D	2004	3504	2544	8	0	0	0	0	0	770	144	1299
Canon PowerShot G6	2004	3072	2592	7	35	140	50	5	32	467	105	499
Canon PowerShot Pro1	2004	3264	2272	8	28	200	50	3	64	640	118	139
Canon PowerShot S1 IS	2004	2048	1600	3	38	380	10	10	32	469	111	399
Canon PowerShot S410	2004	2272	1600	3	36	108	0	5	32	215	87	139
Canon PowerShot S500	2004	2592	2048	5	36	108	0	5	32	215	87	149
Canon PowerShot S60	2004	2592	1600	5	28	100	50	4	32	300	114	399
Canon PowerShot S70	2004	3072	2592	7	28	100	50	4	32	300	114	399
Canon PowerShot SD110	2004	2048	1600	3	35	70	0	10	16	195	85	199
Canon PowerShot SD20	2004	2592	2048	5	39	39	0	3	32	140	90	199
Canon PowerShot SD200	2004	2048	1600	3	35	105	0	3	16	135	86	199
Canon PowerShot SD300	2004	2272	1600	3	35	105	0	3	16	147	86	199
Casio Exilim EX-P600	2004	2816	2048	5	33	132	40	10	9	275	98	249
Casio Exilim EX-P700	2004	3072	2304	7	33	132	40	10	9	275	98	249
Casio Exilim EX-S100	2004	2048	1600	3	36	102	40	17	9	123	88	249
Casio Exilim EX-Z30	2004	2048	1600	3	35	105	40	6	9	150	87	329
Casio Exilim EX-Z40	2004	2304	1600	4	35	105	40	6	9	150	87	329
Casio Exilim EX-Z50	2004	2560	2048	5	35	105	50	6	9	171	87	329
Casio Exilim EX-Z55	2004	2560	2048	5	35	105	50	6	9	180	87	329
Casio QV-R41	2004	2304	2240	3	39	117	60	10	9	198	88	249
Casio QV-R51	2004	2560	2048	4	39	117	60	10	9	210	88	249
Casio QV-R61	2004	2816	2048	6	39	117	70	10	9	218	88	249
Casio QV-R62	2004	2816	2048	6	39	117	70	10	9	218	88	249
Epson PhotoPC L-500V	2004	2560	1600	4	34	102	50	5	16	200	92	159
Epson PhotoPC L-410	2004	2304	1600	4	34	102	50	11	16	203	92	129
Epson R-D1	2004	3008	2240	6	0	0	0	0	0	620	142	4499
Fujifilm FinePix A120	2004	2016	1600	3	38	38	80	9	16	170	102	169
Fujifilm FinePix A330	2004	2016	1600	3	38	114	60	10	16	160	104	169
Fujifilm FinePix A340	2004	2272	1600	4	38	114	60	10	16	160	104	169
Fujifilm FinePix E500 Zoom	2004	2304	1600	4	28	91	60	6	16	226	101	169
Fujifilm FinePix E510 Zoom	2004	2592	2048	5	28	91	60	2	16	226	101	169
Fujifilm FinePix E550 Zoom	2004	4048	2048	6	32	130	60	7	16	260	105	169
Fujifilm FinePix F440 Zoom	2004	2304	1600	3	38	130	60	9	16	180	75	169
Fujifilm FinePix F450 Zoom	2004	2592	2048	5	38	130	60	9	16	180	75	199
Fujifilm FinePix F455 Zoom	2004	2592	2048	5	38	130	60	9	16	180	93	199
Fujifilm FinePix F710	2004	2832	2048	3	32	130	60	8	16	225	110	169
Fujifilm FinePix F810 Zoom	2004	4048	2848	6	32	130	60	7	16	250	110	169
Fujifilm FinePix S20 Pro	2004	2832	2016	6	35	210	50	1	16	597	121	1699
Fujifilm FinePix S3500 Zoom	2004	2272	1600	4	39	234	80	10	16	385	100	229
Fujifilm FinePix S5100 Zoom	2004	2272	1600	4	37	370	90	10	16	387	113	229
Fujifilm FinePix S3 Pro	2004	4256	3024	6	0	0	0	0	0	930	148	1699
HP Photosmart M307	2004	2080	1280	3	40	111	80	10	16	177	107	179
HP Photosmart M407	2004	2320	1280	4	40	111	50	10	16	190	95	179
HP Photosmart R507	2004	2320	1280	4	35	105	50	6	32	205	96	179
HP Photosmart R607	2004	2320	1280	4	35	105	50	14	32	205	96	179
HP Photosmart R707	2004	2608	1296	5	39	117	50	14	32	150	93	179
Kodak CX7220	2004	0	0	2	37	78	50	60	16	195	104	129
Kodak CX7300	2004	2096	0	3	37	37	80	0	16	162	104	126
Kodak CX7330	2004	2032	0	3	37	111	60	13	16	225	103	126
Kodak CX7430	2004	2408	0	4	34	102	60	10	16	198	103	126
Kodak CX7530	2004	2560	0	4	34	102	60	10	32	240	103	126
Kodak DCS SLR/c	2004	4500	3000	13	0	0	0	0	0	1000	137	129
Kodak DCS SLR/n	2004	4500	3000	13	0	0	0	0	0	1000	131	129
Kodak DX7440	2004	2304	2048	4	33	132	50	10	32	270	100	129
Kodak DX7590	2004	2576	2576	5	38	380	60	12	32	400	97	126
Kodak DX7630	2004	2872	0	6	39	117	60	7	32	270	100	126
Kodak LS743	2004	2304	0	4	36	100	60	12	16	220	108	126
Kodak LS753	2004	2569	0	5	36	108	60	12	32	220	108	126
Kodak LS755	2004	2592	2288	5	36	108	70	5	16	210	95	126
Kyocera Finecam M400R	2004	2272	1600	4	37	370	60	10	0	340	107	169
Kyocera Finecam M410R	2004	2272	1600	4	37	370	60	10	0	340	107	179
Kyocera Finecam SL400R	2004	2272	1600	3	35	115	60	20	16	155	100	229
Nikon Coolpix 2200	2004	1600	1024	1	36	108	30	4	14	190	88	229
Nikon Coolpix 3200	2004	2048	1600	3	38	115	30	4	14	190	88	229
Nikon Coolpix 4100	2004	2288	1600	3	35	105	0	0	14	190	88	99
Nikon Coolpix 4200	2004	2272	2048	3	38	114	30	4	12	180	88	229
Nikon Coolpix 4800	2004	2288	1600	4	36	300	40	1	13	295	106	229
Nikon Coolpix 5200	2004	2592	2048	5	38	114	30	4	12	180	88	229
Nikon Coolpix 8400	2004	3264	2592	8	24	85	50	3	0	470	113	229
Nikon Coolpix 8700	2004	3264	2592	8	35	280	50	3	0	512	113	229
Nikon Coolpix 8800	2004	3264	2592	8	35	350	50	3	0	680	116	229
Nikon D2X	2004	4288	3216	12	0	0	0	0	0	1200	158	4699
Nikon D70	2004	3008	2240	6	0	0	0	0	0	679	140	1599
Olympus C-60 Zoom	2004	2816	2560	5	38	114	40	4	32	230	99	449
Olympus C-7000 Zoom	2004	3072	2592	7	38	190	60	2	32	280	102	129
Olympus C-765 UZ	2004	2288	2048	3	38	380	60	7	16	310	105	449
Olympus C-770 UZ	2004	2288	2048	3	38	380	60	7	32	310	105	449
Olympus C-8080 Wide Zoom	2004	3264	2592	8	28	140	80	5	32	724	124	179
Olympus D-395	2004	2048	1024	3	33	33	50	20	16	210	110	1699
Olympus D-535 Zoom	2004	2048	1600	3	38	114	50	2	12	190	88	449
Olympus D-540 Zoom	2004	2048	1600	3	38	114	50	2	16	200	100	449
Olympus D-580 Zoom	2004	2288	1600	3	35	105	50	7	16	210	108	179
Olympus E-300	2004	3264	3200	8	0	0	0	0	0	624	147	1699
Olympus Stylus 410 	2004	2272	2048	3	35	105	50	20	16	200	99	229
Olympus Stylus 500 	2004	2560	2048	4	35	105	50	7	32	200	99	229
Olympus Stylus Verve 	2004	2272	2048	3	35	70	50	8	16	165	95	229
Panasonic Lumix DMC-FX2	2004	2304	1600	4	35	105	50	5	16	148	94	1499
Panasonic Lumix DMC-FX7	2004	2560	2048	4	35	105	50	5	16	153	94	1499
Panasonic Lumix DMC-FZ20	2004	2560	2048	5	36	432	30	5	16	556	87	149
Panasonic Lumix DMC-FZ3	2004	2016	1600	3	35	420	30	5	16	326	108	299
Panasonic Lumix DMC-LC1	2004	2560	2048	4	28	90	30	30	16	705	135	1499
Panasonic Lumix DMC-LC50	2004	2048	1600	3	35	105	50	10	16	210	65	1499
Panasonic Lumix DMC-LC70	2004	2304	1600	4	35	105	50	10	16	210	65	1499
Panasonic Lumix DMC-LC80	2004	2560	2048	4	35	105	50	10	16	207	88	1499
Pentax *ist DS	2004	3008	2400	6	0	0	0	0	0	605	125	799
Pentax Optio 30	2004	2048	1600	3	38	114	50	2	16	180	94	149
Pentax Optio 43WR	2004	2288	1600	3	37	104	30	1	16	200	82	269
Pentax Optio 750Z	2004	3056	2592	7	37	187	60	2	32	255	100	149
Pentax Optio MX4	2004	2304	1600	4	37	370	40	10	16	375	73	149
Pentax Optio S30	2004	2048	1600	3	38	114	40	6	11	175	89	269
Pentax Optio S40	2004	2304	1600	4	35	105	40	6	11	175	89	149
Pentax Optio S4i	2004	2304	1600	4	35	105	40	6	10	120	84	149
Pentax Optio S50	2004	2560	2304	5	35	107	40	6	11	180	89	149
Pentax Optio S5i	2004	2560	2048	4	36	107	40	6	10	120	84	149
Pentax Optio SV	2004	2560	2048	5	36	180	60	3	32	165	91	149
Pentax Optio X	2004	2560	2048	5	36	107	40	6	14	145	112	149
Ricoh Caplio RX	2004	2048	1280	3	28	100	30	1	8	215	112	99
Samsung Digimax 202	2004	1600	1024	1	35	47	120	19	6	135	98	229
Samsung Digimax 250	2004	1600	1024	1	35	76	80	15	6	210	107	229
Samsung Digimax 301	2004	2048	1600	3	35	33	10	19	16	137	98	299
Samsung Digimax 370	2004	2048	1620	3	35	114	80	5	0	157	108	229
Samsung Digimax 401	2004	2048	1600	4	35	33	10	19	16	137	98	299
Samsung Digimax 430	2004	2272	2048	3	35	114	80	5	32	210	107	229
Samsung Digimax 530	2004	2592	2048	5	38	114	80	6	32	195	110	229
Samsung Digimax U-CA 4	2004	2272	2048	4	35	105	80	5	0	169	102	229
Samsung Digimax U-CA 401	2004	2272	1136	3	35	35	60	6	0	165	97	229
Samsung Digimax V40	2004	2272	2048	3	35	113	80	5	0	230	106	229
Samsung Digimax V5	2004	2592	2272	5	38	114	80	5	0	180	106	229
Samsung Digimax V50	2004	2592	2272	5	35	113	80	5	256	230	106	229
Samsung Digimax V6	2004	2816	2560	6	38	114	80	6	0	220	106	229
Sanyo Xacti DSC-S3	2004	2048	1600	3	37	112	50	2	16	185	91	1399
Sanyo Xacti DSC-S4	2004	2288	1600	3	37	105	50	2	16	185	91	1399
Sony DSC-F88	2004	2592	2048	5	38	114	50	8	32	202	98	429
Sony DSC-L1	2004	2304	1280	4	32	96	12	12	16	152	95	429
Sony DSC-M1	2004	2592	2048	5	38	114	50	8	32	215	51	429
Sony DSC-P100	2004	2592	2048	5	38	114	50	10	32	180	108	149
Sony DSC-P150	2004	3072	2592	7	38	114	50	6	32	180	108	149
Sony DSC-P41	2004	2272	1600	3	33	33	10	10	16	180	106	429
Sony DSC-P73	2004	2272	1600	3	39	117	50	10	16	243	116	149
Sony DSC-P93	2004	2592	2048	5	38	114	50	10	32	236	117	429
Sony DSC-T11	2004	2592	2048	5	38	114	50	8	32	186	103	399
Sony DSC-T3	2004	2592	2048	5	38	114	50	8	32	186	90	399
Sony DSC-V3	2004	3072	2592	7	34	136	40	10	0	390	120	429
Sony DSC-W1	2004	2592	2048	5	38	114	50	6	32	250	91	429
Canon PowerShot A410	2005	2048	1600	3	41	131	0	1	16	195	103	139
Canon PowerShot A510	2005	2048	1600	3	35	140	0	5	16	230	91	139
Canon PowerShot A520	2005	2272	1600	3	35	140	0	5	16	230	91	149
Canon PowerShot A610	2005	2592	2592	5	35	140	0	1	16	285	105	139
Canon PowerShot A620	2005	3072	3072	7	35	140	0	1	32	285	105	139
Canon EOS-1D Mark II N	2005	3504	3104	8	0	0	0	0	0	1565	156	4499
Canon EOS 20Da	2005	3504	2544	8	0	0	0	0	0	770	144	1299
Canon EOS 350D / Digital Rebel XT	2005	3456	2496	8	0	0	0	0	0	540	127	1299
Canon EOS 5D	2005	4368	3168	12	0	0	0	0	0	895	152	2499
Canon PowerShot S2 IS	2005	2592	2048	5	36	432	50	10	16	505	113	399
Canon PowerShot S80	2005	3264	2592	8	28	100	50	4	32	290	104	399
Canon PowerShot SD30	2005	2592	2048	5	38	90	0	10	16	120	96	199
Canon PowerShot SD400	2005	2592	2048	5	35	105	0	3	16	150	86	199
Canon PowerShot SD430 Wireless	2005	2592	2048	5	35	105	0	3	16	185	99	199
Canon PowerShot SD450	2005	2592	2048	5	35	105	0	3	16	155	86	199
Canon PowerShot SD500	2005	3072	2592	7	37	111	0	5	32	200	90	199
Canon PowerShot SD550	2005	3072	2592	7	37	111	0	5	32	185	90	199
Casio Exilim EX-P505	2005	2560	2048	4	38	190	40	1	7	275	99	249
Casio Exilim EX-S500	2005	2560	2304	4	38	114	40	17	8	125	90	249
Casio Exilim EX-S600	2005	2816	2304	6	38	114	40	15	8	155	90	249
Casio Exilim EX-Z10	2005	2560	2304	5	35	114	40	6	8	154	90	329
Casio Exilim EX-Z110	2005	2816	2304	6	35	114	40	6	8	151	90	329
Casio Exilim EX-Z120	2005	3072	2560	7	38	114	50	10	8	154	90	329
Casio Exilim EX-Z500	2005	2560	2304	5	38	114	40	17	8	127	89	329
Casio Exilim EX-Z57	2005	2560	2048	4	35	105	40	6	9	175	89	199
Casio Exilim EX-Z750	2005	3072	2304	7	38	114	40	10	9	165	89	329
Fujifilm FinePix A345 Zoom	2005	2304	2048	4	35	105	60	6	16	192	90	169
Fujifilm FinePix A350 Zoom	2005	2592	2048	5	35	105	60	6	16	192	90	169
Fujifilm FinePix E900 Zoom	2005	3488	2592	9	32	128	60	7	16	260	102	169
Fujifilm FinePix F10 Zoom	2005	2848	2048	6	36	108	60	8	16	190	92	179
Fujifilm FinePix F11 Zoom	2005	2848	2048	6	36	108	60	5	16	190	92	199
Fujifilm FinePix S5200 Zoom	2005	2592	2048	5	38	380	90	1	16	470	114	229
Fujifilm FinePix S9000 Z	2005	3488	2592	9	28	300	50	1	16	745	128	229
Fujifilm FinePix Z1	2005	2592	2048	5	36	108	60	8	16	170	90	179
Fujifilm FinePix Z2	2005	2592	2048	5	36	108	60	8	16	170	90	179
HP Photosmart E317	2005	2560	2048	5	35	35	60	10	16	231	95	179
HP Photosmart M22	2005	2320	1600	4	36	36	0	0	16	172	109	179
HP Photosmart M23	2005	2320	1600	4	36	36	0	10	16	172	109	179
HP Photosmart M417	2005	2576	2048	5	36	108	50	12	16	181	96	179
HP Photosmart M517	2005	2576	2048	5	36	108	80	12	16	190	97	179
HP Photosmart R717	2005	2864	2592	6	39	117	50	10	32	150	93	179
HP Photosmart R817	2005	2592	2048	5	36	180	20	3	32	205	100	179
HP Photosmart R818	2005	2592	2048	5	36	180	20	1	32	200	96	179
Kodak C300	2005	2096	0	3	37	37	80	0	16	198	104	129
Kodak C310	2005	2336	2313	4	35	35	85	85	16	154	103	129
Kodak C330	2005	2336	2304	4	34	102	60	13	16	180	91	129
Kodak C340	2005	2576	0	5	34	102	60	13	16	198	92	129
Kodak C360	2005	2690	2569	5	34	102	60	7	32	170	84	129
Kodak Easyshare One	2005	2304	0	4	36	100	60	10	256	275	103	296
Kodak P850	2005	2592	2048	5	36	432	10	10	32	450	108	146
Kodak P880	2005	3264	2560	8	24	140	10	5	32	570	116	146
Kodak V530	2005	2569	2576	5	36	108	60	7	16	150	92	126
Kodak V550	2005	2569	2576	5	36	108	60	7	32	160	94	126
Kodak Z700	2005	2304	0	4	35	175	60	10	16	270	97	126
Kodak Z730	2005	2576	2304	5	33	132	50	10	32	270	100	126
Kodak Z740	2005	2576	2304	5	38	380	60	12	32	330	98	126
Kodak Z7590	2005	2576	2576	5	38	380	60	12	32	400	97	126
Kodak Z760	2005	2872	2856	6	39	117	60	7	32	259	100	126
Leica D-LUX 2	2005	3840	3072	8	28	112	50	5	32	220	106	509
Nikon Coolpix 4600	2005	2288	1600	3	34	102	30	4	14	180	85	229
Nikon Coolpix 5600	2005	2592	2048	5	34	102	30	4	14	180	85	229
Nikon Coolpix 5900	2005	2592	2048	5	38	114	30	4	13	185	88	229
Nikon Coolpix 7600	2005	3072	2592	7	38	114	30	4	14	195	85	229
Nikon Coolpix 7900	2005	3072	2592	7	38	114	30	4	13	185	88	229
Nikon Coolpix L1	2005	2816	2048	6	38	190	50	4	10	195	90	99
Nikon Coolpix P1	2005	3264	2592	8	35	126	50	4	32	185	91	99
Nikon Coolpix P2	2005	2592	2048	5	35	126	50	4	16	185	91	229
Nikon Coolpix S1	2005	2592	2048	5	35	105	30	4	12	170	90	99
Nikon Coolpix S2	2005	2592	2048	5	35	105	30	4	12	160	92	199
Nikon Coolpix S3	2005	2816	2048	6	35	105	30	4	12	132	90	199
Nikon Coolpix S4	2005	2816	2048	6	38	380	30	6	13	225	112	199
Nikon D200	2005	3872	2896	10	0	0	0	0	0	920	147	1599
Nikon D2Hs	2005	2464	1840	4	0	0	0	0	0	1200	158	4699
Nikon D50	2005	3008	2256	6	0	0	0	0	0	620	133	1599
Nikon D70s	2005	3008	2240	6	0	0	0	0	0	679	140	1599
Olympus C-5500 Sport Zoom	2005	2592	2288	5	38	190	60	8	16	340	110	129
Olympus C-7070 Wide Zoom	2005	3072	2592	7	27	110	80	3	32	480	116	129
Olympus D-425	2005	2288	1600	3	37	37	50	20	14	170	101	1699
Olympus D-435	2005	2592	1600	5	36	35	50	20	0	140	101	1699
Olympus D-545 Zoom	2005	2288	1600	3	38	114	50	2	14	190	106	449
Olympus D-595 Zoom	2005	2560	1600	4	38	114	50	2	14	190	105	449
Olympus D-630 Zoom	2005	2560	1600	4	35	105	60	10	14	175	94	129
Olympus E-500	2005	3264	3200	8	0	0	0	0	0	479	130	1699
Olympus FE-100	2005	2272	1600	4	35	106	50	5	28	160	88	129
Olympus FE-110	2005	2560	1600	5	35	106	50	5	28	160	88	129
Olympus FE-120	2005	2816	1600	6	38	114	50	5	14	160	106	129
Olympus IR-300	2005	2560	2048	4	38	114	50	5	15	160	99	129
Olympus SP-310	2005	3072	2592	7	38	114	20	5	32	230	100	449
Olympus SP-350	2005	3264	2592	8	38	114	20	5	32	245	100	449
Olympus SP-500 UZ	2005	2816	2592	6	38	380	60	3	10	385	106	449
Olympus SP-700	2005	2816	2288	6	38	114	30	10	11	180	98	449
Olympus Stylus 600 	2005	2816	2560	6	35	105	50	7	8	195	97	229
Olympus Stylus 800 	2005	3264	2560	8	38	114	50	3	19	200	103	249
Olympus Stylus Verve  S	2005	2560	2048	4	35	70	50	8	16	165	95	299
Panasonic Lumix DMC-FX8	2005	2560	2560	5	35	105	50	5	16	155	94	1499
Panasonic Lumix DMC-FX9	2005	2816	2048	6	35	105	50	5	16	155	94	1499
Panasonic Lumix DMC-FZ30	2005	3264	2560	8	35	420	30	5	32	740	141	299
Panasonic Lumix DMC-FZ4	2005	2304	1600	4	35	420	50	5	8	326	102	149
Panasonic Lumix DMC-FZ5	2005	2560	2048	4	36	432	50	5	16	326	108	149
Panasonic Lumix DMC-LS1	2005	2304	1600	4	35	105	50	5	14	188	94	1499
Panasonic Lumix DMC-LX1	2005	3840	3072	8	28	112	50	5	32	220	106	1499
Panasonic Lumix DMC-LZ1	2005	2304	1600	4	37	222	50	5	14	224	101	149
Panasonic Lumix DMC-LZ2	2005	2560	2048	5	37	222	50	5	14	224	101	149
Pentax *ist DL	2005	3008	2400	6	0	0	0	0	0	565	125	799
Pentax *ist DS2	2005	3008	2400	6	0	0	0	0	0	605	125	799
Pentax Optio 50	2005	2560	2048	4	32	96	50	6	12	180	91	149
Pentax Optio 60	2005	2848	2272	6	36	108	50	5	12	200	91	149
Pentax Optio S45	2005	2304	1600	4	35	107	40	6	11	155	89	149
Pentax Optio S55	2005	2560	2304	5	35	107	40	6	11	155	89	149
Pentax Optio S5n	2005	2560	2304	4	35	107	40	6	9	120	84	149
Pentax Optio S5z	2005	2560	2304	5	35	107	40	6	9	120	83	149
Pentax Optio S6	2005	2816	2560	6	37	112	40	15	23	120	86	149
Pentax Optio S60	2005	2816	2560	6	35	106	40	6	11	135	89	149
Pentax Optio SVi	2005	2560	2048	5	36	180	60	3	32	165	91	149
Pentax Optio WP	2005	2560	2304	4	38	114	40	1	10	135	102	269
Pentax Optio WPi	2005	2816	2560	6	38	114	40	1	10	135	102	269
Ricoh Caplio R1V	2005	2560	2048	4	28	135	30	1	12	195	100	99
Ricoh Caplio R2	2005	2560	2048	4	28	135	30	1	28	195	100	99
Ricoh Caplio R3	2005	2560	2048	4	28	200	30	1	26	165	95	99
Ricoh Caplio RR530	2005	2560	2048	4	32	96	30	1	12	190	91	399
Ricoh GR Digital	2005	3264	2592	8	28	28	30	2	26	200	107	4999
Ricoh Caplio GX8	2005	3264	2592	8	28	85	30	1	26	260	114	99
Samsung Digimax A50	2005	2592	2272	5	35	105	80	5	11	185	107	229
Samsung Digimax A502	2005	2592	2272	5	31	31	100	2	16	175	97	229
Samsung Digimax A55W	2005	2592	2272	5	28	135	60	1	32	185	106	229
Samsung Digimax i5	2005	2595	2272	5	39	117	50	5	50	155	90	229
Samsung Pro815	2005	3264	2400	8	28	420	10	3	0	910	136	299
Samsung Digimax V700	2005	3072	2816	7	38	114	80	4	128	220	106	229
Samsung Digimax V800	2005	3264	2816	8	38	114	80	4	32	220	106	229
Sony DSC-H1	2005	2592	2048	5	36	432	50	2	32	591	108	429
Sony DSC-M2	2005	2592	2048	5	38	114	50	1	32	240	51	399
Sony DSC-N1	2005	3264	2592	8	38	114	50	6	32	139	94	429
Sony DSC-P200	2005	3072	2592	7	38	114	50	6	32	180	104	399
Sony DSC-R1	2005	3888	3264	10	24	120	0	0	0	995	139	429
Sony DSC-S40	2005	2304	2048	4	32	96	0	0	32	184	99	149
Sony DSC-S60	2005	2304	2048	4	39	117	50	10	32	249	97	149
Sony DSC-S90	2005	2304	2048	4	39	117	50	10	32	253	97	149
Sony DSC-T33	2005	2592	2048	5	38	114	50	8	32	150	99	399
Sony DSC-T5	2005	2592	2048	5	38	114	50	8	32	139	94	399
Sony DSC-T7	2005	2592	2048	5	38	114	50	8	32	134	92	149
Sony DSC-T9	2005	2816	2048	6	38	114	50	1	32	185	90	429
Sony DSC-W5	2005	2592	2048	5	38	114	50	6	32	250	91	429
Sony DSC-W7	2005	3072	2592	7	38	114	50	6	32	250	91	149
Canon PowerShot A420	2006	2272	1600	4	39	125	47	1	16	200	103	139
Canon PowerShot A430	2006	2272	1600	4	39	156	47	1	16	210	103	139
Canon PowerShot A530	2006	2592	2048	5	35	140	45	5	16	220	90	149
Canon PowerShot A540	2006	2816	2272	6	35	140	45	5	16	230	90	149
Canon PowerShot A630	2006	3264	2592	8	35	140	0	1	16	315	109	139
Canon PowerShot A640	2006	3648	2816	10	35	140	0	1	32	315	109	139
Canon PowerShot A700	2006	2816	2272	6	35	210	55	1	16	250	94	139
Canon PowerShot A710 IS	2006	3072	2592	7	35	210	55	1	16	210	98	139
Canon EOS 30D	2006	3504	2544	8	0	0	0	0	0	784	144	1299
Canon EOS 400D / Digital Rebel XTi	2006	3888	2816	10	0	0	0	0	0	556	127	1299
Canon PowerShot G7	2006	3648	2816	10	35	210	50	1	32	380	106	499
Canon PowerShot S3 IS	2006	2816	2272	6	36	432	50	10	16	510	113	399
Canon PowerShot SD40	2006	3072	2592	7	38	90	0	10	16	120	96	199
Canon PowerShot SD600	2006	2816	2272	6	35	105	30	3	16	170	86	199
Canon PowerShot SD630	2006	2816	2272	6	35	105	30	3	16	175	90	199
Canon PowerShot SD700 IS	2006	2816	2272	6	35	140	45	2	16	195	90	384
Canon PowerShot SD800 IS	2006	3072	2592	7	28	105	0	3	16	195	90	384
Canon PowerShot SD900	2006	3648	2816	10	37	111	0	5	32	205	91	199
Casio Exilim EX-S600d	2006	2816	2304	6	38	114	40	15	8	155	90	249
Casio Exilim EX-Z1000	2006	3648	2560	10	38	114	40	6	8	185	92	329
Casio Exilim EX-Z5	2006	2560	2304	4	38	114	40	10	8	160	95	329
Casio Exilim EX-Z60	2006	2816	2304	6	38	114	40	10	8	148	95	329
Casio Exilim EX-Z70	2006	3072	2560	7	38	114	40	10	8	140	95	199
Casio Exilim EX-Z700	2006	3072	2560	7	38	114	40	15	8	154	89	329
Casio Exilim EX-S770	2006	3072	2560	7	38	114	40	15	6	176	95	249
Casio Exilim EX-Z850	2006	3264	2816	8	38	114	40	10	8	185	89	249
Fujifilm FinePix A400 Zoom	2006	2303	1600	4	38	114	60	10	12	170	93	169
Fujifilm FinePix A500 Zoom	2006	2592	2048	5	38	114	60	10	12	170	93	169
Fujifilm FinePix A600 Zoom	2006	2848	2048	6	36	108	50	10	12	195	93	169
Fujifilm FinePix F20 Zoom	2006	2848	2048	6	36	108	60	5	10	190	94	169
Fujifilm FinePix F30 Zoom	2006	2848	2048	6	36	108	60	5	10	185	93	169
Fujifilm FinePix F31 fd	2006	2848	2048	6	36	108	60	5	26	185	93	199
Fujifilm FinePix F470 Zoom	2006	2816	2048	6	35	105	70	10	16	150	92	169
Fujifilm FinePix F650 Zoom	2006	2816	2048	6	36	180	60	3	32	200	105	169
Fujifilm FinePix S6000 fd	2006	2848	2048	6	28	300	40	10	10	700	131	399
Fujifilm FinePix S9100	2006	3488	2592	9	28	300	0	0	0	750	128	229
Fujifilm FinePix V10 Zoom	2006	2592	2048	5	36	130	60	9	16	185	83	179
Fujifilm FinePix Z3	2006	2592	2048	5	36	108	60	8	10	170	89	179
Fujifilm FinePix S5 Pro	2006	4256	3024	6	0	0	0	0	0	920	147	1699
HP Photosmart E327	2006	2560	2048	5	35	35	60	0	16	170	96	179
HP Photosmart M425	2006	2576	2080	5	38	114	50	12	32	172	109	179
HP Photosmart M525	2006	2800	2288	6	38	114	50	12	16	192	96	179
HP Photosmart M527	2006	2800	2288	6	38	114	50	12	16	227	99	179
HP Photosmart R725	2006	2864	2592	6	39	118	50	10	32	136	94	179
HP Photosmart R727	2006	2864	2592	6	39	118	50	5	32	190	91	179
HP Photosmart R927	2006	3296	2592	8	35	105	50	10				179
Kodak C433	2006	2304	2048	4	36	108	60	10	16	180	91	126
Kodak C533	2006	2576	2048	5	37	111	60	10	16	200	91	126
Kodak C643	2006	2848	2304	6	36	108	60	13	22	195	92	126
Kodak C663	2006	2832	2304	6	34	102	60	5	32	190	85	126
Kodak C743	2006	3072	2304	7	37	111	60	13	32	195	92	126
Kodak C875	2006	3264	2560	8	37	185	60	10	32	225	91	126
Kodak P712	2006	3072	2592	7	36	432	50	10	32	440	108	126
Kodak V570	2006	2569	2576	5	39	117	0	0	32	175	101	129
Kodak V610	2006	2832	2304	6	38	380	0	0	32	195	111	129
Kodak V705	2006	3072	2576	7	23	117	60	5	32	165	101	126
Kodak Z612	2006	2848	2304	6	35	420	50	10	32	330	104	129
Kodak Z650	2006	2848	2304	6	38	380	60	12	32	320	98	126
Kodak Z710	2006	3072	2592	7	38	380	60	12	32	360	98	126
Leica C-LUX 1	2006	2816	2048	6	28	102	50	5	16	155	94	509
Leica Digilux 3	2006	3136	2560	7	0	0	0	0	0	606	146	269
Leica D-LUX 3	2006	4224	3840	10	28	112	50	5	13	220	106	509
Leica M8	2006	3936	2952	10	0	0	0	0	0	591	139	146
Leica V-LUX 1	2006	3648	3264	10	35	420	30	5	32	734	141	509
Nikon Coolpix L2	2006	2816	2048	6	38	116	30	10	23	170	91	99
Nikon Coolpix L3	2006	2592	2048	5	38	116	30	10	23	170	91	99
Nikon Coolpix L4	2006	2272	1600	3	38	114	30	4	10	165	87	99
Nikon Coolpix L5	2006	3072	2592	7	38	190	50	4	8	210	97	99
Nikon Coolpix L6	2006	2816	2048	6	38	116	30	10	23	175	91	99
Nikon Coolpix P3	2006	3264	2592	8	36	126	30	4	23	200	92	229
Nikon Coolpix P4	2006	3264	2592	8	36	126	30	4	23	200	92	229
Nikon Coolpix S10	2006	2816	2048	6	38	380	30	4	16	280	113	99
Nikon Coolpix S5	2006	2816	2048	6	35	105	30	4	21	165	93	229
Nikon Coolpix S6	2006	2816	2048	6	35	105	30	4	20	170	101	199
Nikon Coolpix S7c	2006	3072	2592	7	35	105	30	4	14	170	101	199
Nikon Coolpix S9	2006	2816	2048	6	38	114	25	4	24	165	91	199
Nikon D2Xs	2006	4288	3216	12	0	0	0	0	0	1200	158	4699
Nikon D40	2006	3008	2256	6	0	0	0	0	0	522	124	549
Nikon D80	2006	3872	2896	10	0	0	0	0	0	668	132	1199
Olympus E-330	2006	3136	2560	7	0	0	0	0	0	616	140	1699
Olympus E-400	2006	3648	3200	10	0	0	0	0	0	435	130	1699
Olympus FE-115	2006	2560	1600	5	38	106	50	2	28	160	88	129
Olympus FE-130	2006	2592	2048	5	38	114	10	5	22	160	96	129
Olympus FE-140	2006	2816	2048	6	38	114	10	5	22	160	96	129
Olympus FE-150	2006	2560	2048	5	32	96	50	6	9	175	90	129
Olympus FE-170	2006	2816	2048	6	38	114	0	0	10	175	90	129
Olympus FE-180	2006	2816	2048	6	38	114	0	0	10	170	88	179
Olympus FE-190	2006	2816	2048	6	38	114	0	0	22	150	91	129
Olympus FE-200	2006	2816	2048	6	28	140	0	0	24	195	98	129
Olympus SP-320	2006	3072	2592	7	38	114	20	2	25	230	100	449
Olympus SP-510 UZ	2006	3072	2560	7	38	380	60	3	0	410	106	449
Olympus Stylus 1000	2006	3648	2560	10	35	105	60	10	0	195	97	229
Olympus Stylus 700 	2006	3072	2560	7	37	111	60	8	19	140	95	229
Olympus Stylus 720 SW 	2006	3072	2560	7	37	111	60	8	19	190	95	299
Olympus Stylus 725 SW	2006	3072	2560	7	38	114	60	2	19	190	91	299
Olympus Stylus 730	2006	3072	2560	7	38	114	50	7	22	190	96	229
Olympus Stylus 740	2006	3072	2560	7	36	180	70	3	17	160	96	229
Olympus Stylus 750	2006	3072	2560	7	36	180	70	3	17	170	96	229
Olympus Stylus 810 	2006	3264	2560	8	35	105	60	10	28	185	97	249
Panasonic Lumix DMC-FX01	2006	2816	2048	6	28	102	50	5	16	155	94	1499
Panasonic Lumix DMC-FX07	2006	3072	2560	7	28	102	50	5	0	170	94	1499
Panasonic Lumix DMC-FX3	2006	2816	2048	6	35	105	50	5	13	165	94	299
Panasonic Lumix DMC-FX50	2006	3072	2560	7	28	102	50	5	0	190	98	1499
Panasonic Lumix DMC-FZ50	2006	3648	3264	10	35	420	30	5	32	734	141	149
Panasonic Lumix DMC-FZ7	2006	2816	2304	6	36	432	30	5	16	340	113	149
Panasonic Lumix DMC-L1	2006	3136	2560	7	0	0	0	0	0	606	146	1499
Panasonic Lumix DMC-LS2	2006	2560	2048	5	35	105	50	5	14	188	111	1499
Panasonic Lumix DMC-LX2	2006	4224	3840	10	28	112	50	5	13	220	106	1499
Panasonic Lumix DMC-LZ3	2006	2560	2048	5	37	222	50	5	14	230	100	149
Panasonic Lumix DMC-LZ5	2006	2816	2048	6	37	222	50	5	14	230	100	149
Panasonic Lumix DMC-TZ1	2006	2560	2048	4	35	350	40	5	13	250	112	299
Pentax *ist DL2	2006	3008	2400	6	0	0	0	0	0	565	125	799
Pentax K100D	2006	3008	2400	6	0	0	0	0	0	660	129	509
Pentax K10D	2006	3872	3008	10	0	0	0	0	0	793	142	799
Pentax K110D	2006	3008	2400	6	0	0	0	0	0	585	129	509
Pentax Optio A10	2006	3264	2592	8	38	114	35	6	24	145	89	249
Pentax Optio A20	2006	3648	3072	10	38	114	35	6	22	145	89	149
Pentax Optio E10	2006	2816	2272	6	34	102	50	5	10	180	87	149
Pentax Optio E20	2006	2816	2272	6	34	102	50	5	13	180	90	149
Pentax Optio M10	2006	2816	2560	6	35	105	70	10	22	170	89	249
Pentax Optio M20	2006	3072	2560	7	38	114	40	5	22	180	94	149
Pentax Optio S7	2006	3072	2592	7	37	112	40	15	23	120	86	149
Pentax Optio T10	2006	2816	2592	6	37	112	40	15	12	155	95	249
Pentax Optio T20	2006	3072	2592	7	37	112	40	15	12	155	95	149
Pentax Optio W10	2006	2816	2560	6	38	114	40	1	10	160	107	269
Pentax Optio W20	2006	3072	2560	7	38	114	40	1	21	150	107	269
Ricoh Caplio 500G	2006	3264	2592	8	28	85	30	1	26	450	133	229
Ricoh Caplio R30	2006	2560	2048	4	28	160	30	1	28	180	95	99
Ricoh Caplio R4	2006	2816	2048	6	28	200	30	1	26	165	95	99
Ricoh Caplio R40	2006	2816	2048	6	28	160	30	1	26	165	95	199
Ricoh Caplio R5	2006	3072	2592	7	28	200	30	1	26	165	96	99
Ricoh Caplio RR630	2006	2816	2048	6	36	108	50	6	12	200	91	399
Samsung GX-10	2006	3872	3008	10	0	0	0	0	0	793	142	199
Samsung GX-1L	2006	3008	2400	6	0	0	0	0	0	570	125	299
Samsung GX-1S	2006	3008	2400	6	0	0	0	0	0	605	125	299
Samsung Digimax i6	2006	2816	2592	6	39	117	50	1	45	0	96	229
Samsung NV10	2006	3648	3136	10	35	105	80	4	20	190	97	229
Samsung NV3	2006	3072	2816	7	38	114	80	1	15	155	95	229
Samsung NV7 OPS	2006	3072	2688	7	38	270	80	1	19	290	106	229
Sigma DP1	2006	2640	1776	4	28	28	0	0	0	270	109	1599
Sigma SD14	2006	2640	1776	4	0	0	0	0	0	750	144	19
Sony DSC-H2	2006	2816	2048	6	36	432	50	2	32	490	108	429
Sony DSC-H5	2006	3072	2592	7	36	432	50	2	32	490	108	429
Sony DSC-N2	2006	3264	2592	10	38	114	50	6	32	139	94	399
Sony DSC-S600	2006	2816	2048	6	31	93	12	0	32	180	100	149
Sony DSC-T10	2006	3072	2592	7	38	114	50	1	56	168	90	399
Sony DSC-T30	2006	3072	2592	7	38	114	50	1	58	172	95	399
Sony DSC-T50	2006	3072	2592	7	38	114	50	1	58	170	95	399
Sony DSC-W100	2006	3264	2592	8	38	114	50	6	64	192	94	149
Sony DSC-W30	2006	2816	2048	6	38	114	50	2	32	153	90	149
Sony DSC-W50	2006	2816	2048	6	38	114	50	2	32	157	89	149
Sony DSC-W70	2006	3072	2592	7	38	114	50	2	58	157	89	149
Sony DSLR-A100	2006	3872	3896	10	0	0	0	0	0	638	133	599
Canon PowerShot A450	2007	2592	2048	5	38	122	47	1	16	215	106	139
Canon PowerShot A460	2007	2592	2048	5	38	152	47	1	16	215	106	139
Canon PowerShot A550	2007	3072	2592	7	35	140	45	5	16	210	91	149
Canon PowerShot A560	2007	3072	2592	7	35	140	45	5	16	205	91	149
Canon PowerShot A570 IS	2007	3072	2592	7	35	140	45	5	16	215	90	149
Canon PowerShot A650 IS	2007	4000	3264	12	35	210	0	1	32	300	97	399
Canon PowerShot A720 IS	2007	3264	2592	8	35	210	55	1	16	250	97	399
Canon EOS-1D Mark III	2007	3888	3456	10	0	0	0	0	0	1335	156	4499
Canon EOS-1Ds Mark III	2007	5616	4992	21	0	0	0	0	0	1385	150	7999
Canon EOS 40D	2007	3888	2816	10	0	0	0	0	0	822	146	1299
Canon PowerShot G9	2007	4000	3264	12	35	210	50	1	32	370	106	499
Canon PowerShot S5 IS	2007	3264	2272	8	36	432	50	10	32	550	117	399
Canon PowerShot SD1000	2007	3072	2592	7	35	105	0	5	32	175	86	199
Canon PowerShot SD750	2007	3072	2592	7	35	105	0	5	32	170	92	384
Canon PowerShot SD850 IS	2007	3264	2272	8	35	140	45	2	32	195	90	384
Canon PowerShot SD870 IS	2007	3264	2592	8	28	105	45	2	32	165	93	384
Canon PowerShot SD950 IS	2007	4000	3264	12	36	133	50	5	32	205	96	384
Canon PowerShot SX100 IS	2007	3264	2592	8	36	360	50	1	32	316	109	299
Canon PowerShot TX1	2007	3072	2592	7	39	390	50	10	0	260	89	139
Casio Exilim EX-S880	2007	3264	2816	8	38	114	50	15	10	138	94.5	249
Casio Exilim EX-V7	2007	3072	2560	7	38	266	30	10	11	190	96	299
Casio Exilim EX-V8	2007	3264	2816	8	38	266	40	10	11	199	96	299
Casio Exilim EX-Z1050	2007	3648	2560	10	38	114	40	10	15	165	91	329
Casio Exilim EX-Z1080	2007	3648	2560	10	38	114	40	10	11	165	91	329
Casio Exilim EX-Z1200 SR	2007	4000	3264	12	37	111	40	6	11	162	93	329
Casio Exilim EX-Z75	2007	3072	2560	7	38	114	40	10	8	156	95	199
Casio Exilim EX-Z77	2007	3072	2560	7	38	114	40	10	11	128	95	199
Fujifilm FinePix A610	2007	2848	2048	6	39	117	60	10	10	195	98	169
Fujifilm FinePix A800	2007	3296	2304	8	36	108	50	10	10	200	98	169
Fujifilm FinePix A820	2007	3296	2304	8	39	156	60	10	10	205	98	169
Fujifilm FinePix A900	2007	3488	2048	9	39	156	60	10	10	205	98	169
Fujifilm FinePix A920	2007	3488	2592	9	39	156	60	10	10	206	98	169
Fujifilm FinePix F40 fd	2007	3296	2304	8	36	108	45	7	25	181	96	199
Fujifilm FinePix F480 Zoom	2007	3264	2304	8	28	112	40	5	12	170	96	169
Fujifilm FinePix F50 fd	2007	4000	2848	12	35	105	45	7	25	205	93	199
Fujifilm FinePix IS-1	2007	3488	2592	9	28	300	0	0	0	750	128	169
Fujifilm FinePix S5700 Zoom	2007	3072	2304	7	38	380	30	10	27	406	106	229
Fujifilm FinePix S8000 fd	2007	3264	2304	8	27	486	70	10	58	510	111	399
Fujifilm FinePix Z10  fd	2007	3072	2304	7	38	114	60	8	54	160	91	399
Fujifilm FinePix IS Pro	2007	4256	3024	6	0	0	0	0	0	920	147	1699
HP Photosmart E337	2007	2576	0	5	36	36	100	0	16	170	96	179
HP Photosmart M437	2007	2576	0	5	38	114	50	10	16	190	95	179
HP Photosmart M537	2007	2848	0	6	38	114	50	0	32	157	90	179
HP Photosmart Mz67	2007	3264	0	8	35	210	0	14	32	157	90	179
HP Photosmart R742	2007	3096	0	7	36	108	50	3	32	190	91	179
HP Photosmart R837	2007	3112	0	7	39	118	50	12	32	227	105	179
HP Photosmart R937	2007	3298	0	8	39	118	50					179
Kodak C513	2007	2572	2048	5	36	108	60	13	16	188	91	126
Kodak C613	2007	2848	2048	6	36	108	60	13	16	187	91	126
Kodak C653	2007	2848	2304	6	36	108	60	10	22	195	89	126
Kodak C763	2007	3072	2592	7	35	105	60	5	32	180	90	126
Kodak M753	2007	3056	2592	7	37	111	40	7	16	165	93	126
Kodak M853	2007	3296	2592	8	37	111	40	7	16	165	93	146
Kodak M873	2007	3264	2592	8	38	114	70	10	32	160	92	146
Kodak M883	2007	3280	0	8	38	114	70	10	64	166	92	146
Kodak V1003	2007	3648	2560	10	36	108	60	5	24	185	103	129
Kodak V803	2007	3264	2560	8	36	108	60	5	24	185	103	146
Kodak Z1275	2007	4000	2832	12	35	175	60	10	64	211	90	129
Kodak Z712	2007	3072	2592	7	36	423	60	13	32	350	104	126
Kodak Z885	2007	3264	2592	8	36	180	60	7	32	211	90	146
Nikon Coolpix L10	2007	2560	2048	4	37	112	40	15	7	165	90	99
Nikon Coolpix L11	2007	2816	2048	6	37	112	40	15	7	175	90	99
Nikon Coolpix L12	2007	3072	2592	7	35	105	50	15	21	175	91	99
Nikon Coolpix L14	2007	3072	2048	7	38	114	60	10	23	225	91	129
Nikon Coolpix L15	2007	3264	2592	8	35	105	50	15	32	225	91	159
Nikon Coolpix P50	2007	3264	3200	8	28	102	50	5	52	210	95	229
Nikon Coolpix P5000	2007	3648	2592	10	36	126	30	4	26	240	98	399
Nikon Coolpix P5100	2007	4000	3264	12	35	123	30	4	52	250	98	399
Nikon Coolpix S200	2007	3072	2592	7	38	114	60	10	20	165	92	229
Nikon Coolpix S50	2007	3072	2592	7	38	114	30	4	13	165	88	229
Nikon Coolpix S500	2007	3072	2592	7	35	105	50	15	26	165	88	229
Nikon Coolpix S50c	2007	3072	2592	7	38	114	30	4	13	165	88	329
Nikon Coolpix S51	2007	3264	2592	7	38	114	30	4	13	175	93	279
Nikon Coolpix S510	2007	3264	3200	8	35	105	50	15	52	125	88	399
Nikon Coolpix S51c	2007	3264	2592	7	38	114	30	4	13	175	98	329
Nikon D3	2007	4256	3184	12	0	0	0	0	0	1300	160	4999
Nikon D300	2007	4288	3216	12	0	0	0	0	0	925	147	1799
Nikon D40X	2007	3872	2896	10	0	0	0	0	0	522	124	549
Olympus E-3	2007	3648	3200	10	0	0	0	0	0	800	142	1699
Olympus E-410	2007	3648	3200	10	0	0	0	0	0	435	130	1699
Olympus E-510	2007	3648	3200	10	0	0	0	0	0	490	136	1699
Olympus FE-210	2007	3072	2048	7	38	114	60	10	9	175	90	129
Olympus FE-230	2007	3072	2048	7	38	114	60	10	20	145	91	129
Olympus FE-240	2007	3072	2048	7	38	190	70	10	20	145	91	129
Olympus FE-250	2007	3264	2048	8	38	105	60	10	20	155	94	129
Olympus FE-270	2007	3072	2048	7	38	114	60	5	6	122	90	129
Olympus FE-280	2007	3264	2048	8	36	108	60	5	48	108	92	179
Olympus FE-290	2007	3072	2048	7	28	112	40	5	6	142	98	129
Olympus FE-300	2007	4000	2048	12	35	105	60	10	48	115	94	129
Olympus SP-550 UZ	2007	3072	2560	7	28	504	10	1	20	460	116	449
Olympus SP-560 UZ	2007	3264	2560	8	27	486	10	1	47	365	116	449
Olympus Stylus 1200	2007	4000	3264	12	35	105	60	10	47	125	98	249
Olympus Stylus 760	2007	3072	2560	7	37	111	60	8	18	160	99	229
Olympus Stylus 770 SW	2007	3072	2560	7	38	114	50	7	18	195	92	299
Olympus Stylus 780	2007	3072	2560	7	36	180	70	3	18	195	100	299
Olympus Stylus 790 SW	2007	3072	2560	7	38	114	50	7	14	155	92	299
Olympus Stylus 820	2007	3264	2560	8	36	180	70	3	47	125	96	249
Olympus Stylus 830	2007	3248	2560	8	36	180	70	3	14	125	100	249
Panasonic Lumix DMC-FX10	2007	2816	2048	6	35	105	50	5	27	155	94	1499
Panasonic Lumix DMC-FX100	2007	4000	3264	12	28	100	50	5	27	150	54	1499
Panasonic Lumix DMC-FX12	2007	3072	2560	7	35	105	50	5	27	155	94	1499
Panasonic Lumix DMC-FX30	2007	3072	2560	7	28	100	50	5	27	162	95	299
Panasonic Lumix DMC-FX33	2007	3264	2560	8	28	100	50	5	27	154	95	299
Panasonic Lumix DMC-FX55	2007	3264	2560	8	28	100	50	5	27	165	95	1499
Panasonic Lumix DMC-FZ18	2007	3264	2560	8	28	504	30	1	27	407	118	149
Panasonic Lumix DMC-FZ8	2007	3072	2560	7	36	432	30	5	27	340	113	149
Panasonic Lumix DMC-L10	2007	3648	2816	10	0	0	0	0	0	556	135	1499
Panasonic Lumix DMC-LS60	2007	2816	2048	6	35	105	50	5	27	188	94	149
Panasonic Lumix DMC-LS75	2007	3072	2560	7	35	105	50	5	27	188	94	1499
Panasonic Lumix DMC-LZ6	2007	3072	2560	7	37	222	50	5	27	230	99	149
Panasonic Lumix DMC-LZ7	2007	3072	2560	7	37	222	50	5	27	234	99	149
Panasonic Lumix DMC-TZ2	2007	2816	2048	6	28	280	50	5	13	260	105	299
Panasonic Lumix DMC-TZ3	2007	3072	2560	7	28	280	50	5	13	280	105	299
Pentax K100D Super	2007	3008	2400	6	0	0	0	0	0	646	129	509
Pentax Optio A30	2007	3648	3072	10	38	114	35	6	22	145	89	269
Pentax Optio E30	2007	3072	2592	7	36	108	50	15	11	190	95	149
Pentax Optio E40	2007	3264	2592	8	37	112	40	15	10	175	94	149
Pentax Optio M30	2007	3072	2592	7	38	114	40	10	22	120	97	269
Pentax Optio M40	2007	3264	2592	8	36	108	40	5	21	136	97	149
Pentax Optio S10	2007	3648	3072	10	38	114	35	6	22	116	86	249
Pentax Optio T30	2007	3072	2592	7	38	112	40	15	20	155	95	269
Pentax Optio W30	2007	3072	2560	7	38	114	40	1	21	155	108	269
Pentax Optio Z10	2007	3264	2592	8	38	266	40	8	0	0	94	249
Ricoh Caplio R6	2007	3072	2592	7	28	200	30	1	54	165	100	99
Ricoh Caplio R7	2007	3264	3264	8	28	200	30	1	24	135	100	99
Ricoh Caplio GX100	2007	3648	3264	10	24	72	30	1	26	260	112	399
Samsung i7	2007	3072	2592	7	38	114	80	5	450	210	101	119
Samsung i70	2007	3072	2592	7	38	114	80	5	20	180	90	199
Samsung i85	2007	3264	2592	8	36	108	80	5	173	0	95	149
Samsung L83T	2007	3264	2592	8	38	114	80	5	19	160	93	229
Samsung L700	2007	3072	2592	7	35	105	80	5	20	170	97	199
Samsung L73	2007	3072	2592	7	35	105	80	5	19	180	98	119
Samsung L730	2007	3264	2592	7	38	114	80	10	16	183	95	99
Samsung L74 Wide	2007	3072	2592	7	28	101	80	5	450	210	105	119
Samsung L77	2007	3072	2592	7	38	266	80	10	0	0	94	119
Samsung L830	2007	3264	2592	8	38	114	80	5	10	183	95	99
Samsung NV11	2007	3648	3136	10	35	190	80	1	0	240	107	229
Samsung NV15	2007	3648	2592	10	34	102	80	4	20	0	97	229
Samsung NV20	2007	4000	2592	12	34	102	80	4	20	0	97	229
Samsung NV8	2007	3264	2592	8	34	102	80	4	20	0	97	229
Samsung S1030	2007	3648	3476	10	35	105	80	4	45	220	100	199
Samsung S1050	2007	3648	3476	10	38	190	80	1	45	254	105	199
Samsung S630	2007	2816	2048	6	35	105	80	5	16	186	100	99
Samsung S730	2007	3072	2592	7	35	105	80	5	16	186	100	99
Samsung S830	2007	3264	3072	8	35	105	80	4	45	220	100	99
Samsung S85	2007	3264	2592	8	38	190	80	1	20	204	100	149
Samsung S850	2007	3264	2592	8	38	190	80	1	20	222	104	149
Sony DSC-G1	2007	2816	2048	6	38	114	50	8	2	238	93	429
Sony DSC-H3	2007	3264	3264	8	38	380	50	2	31	264	106	429
Sony DSC-H7	2007	3264	2592	8	31	465	50	2	31	405	110	429
Sony DSC-H9	2007	3264	2592	8	31	465	50	2	31	440	110	429
Sony DSC-S650	2007	3072	2592	7	35	105	35	5	24	178	91	149
Sony DSC-S700	2007	3072	2592	7	35	105	35	5	24	178	91	149
Sony DSC-S800	2007	3264	2592	8	37	222	50	2	54	245	93	149
Sony DSC-T100	2007	3264	2592	8	35	175	50	1	31	197	92	399
Sony DSC-T20	2007	3264	2592	8	38	114	50	1	31	197	90	399
Sony DSC-T200	2007	3264	3264	8	35	175	50	1	31	160	94	399
Sony DSC-W200	2007	4000	3264	12	35	105	34	5	31	195	91	399
Sony DSC-W35	2007	3072	2592	7	38	114	30	2	56	149	90	429
Sony DSC-W55	2007	3072	2592	7	38	114	30	2	56	147	90	429
Sony DSC-W80	2007	3072	2592	7	35	105	50	4	31	175	91	149
Sony DSC-W90	2007	3254	2592	8	35	105	50	4	31	175	91	429
Sony DSLR-A700	2007	4272	3104	12	0	0	0	0	0	768	142	599
